;Year;Month;Day;Name;Location;Country;Latitude;Longitude;Elevation;Type;VEI;Deaths
1;-1750;;;Veniaminof;Alaska Peninsula;United States;56.17;-159.38;2507;Stratovolcano;6;
2;-1645;;;Aniakchak;Alaska Peninsula;United States;56.88;-158.17;1341;Caldera;6;
3;-1610;;;Santorini;Greece;Greece;36.404;25.396;329;Shield volcano;7;
4;-1550;;;Redoubt;Alaska-SW;United States;60.48;-152.75;3108;Stratovolcano;;
5;-1460;;;Taupo;New Zealand;New Zealand;-38.82;176;760;Caldera;6;
6;-1370;;;Pago;New Britain-SW Pac;Papua New Guinea;-5.58;150.52;742;Caldera;6;
7;-1050;;;Pinatubo;Luzon-Philippines;Philippines;15.13;120.35;1486;Stratovolcano;6;
8;-1010;;;Tungurahua;Ecuador;Ecuador;-1.467;-78.442;5023;Stratovolcano;5;
9;-455;;;Cotopaxi;Ecuador;Ecuador;-.677;-78.436;5911;Stratovolcano;4;
10;-250;;;Raoul Island;Kermadec Is;New Zealand;-29.27;-177.92;516;Stratovolcano;6;
11;-197;;;Santorini;Greece;Greece;36.404;25.396;329;Shield volcano;3;
12;-150;;;St. Andrew Strait;Admiralty Is-SW Paci;Papua New Guinea;-2.38;147.35;270;Complex volcano;;
13;-141;;;Etna;Italy;Italy;37.734;15.004;3350;Stratovolcano;;40
14;-100;;;Okmok;Aleutian Is;United States;53.42;-168.13;1073;Shield volcano;6;
15;-50;;;Apoyeque;Nicaragua;Nicaragua;12.242;-86.342;518;Pyroclastic shield;6;
16;46;;;Santorini;Greece;Greece;36.404;25.396;329;Shield volcano;3;
17;50;;;Ambrym;Vanuatu-SW Pacific;Vanuatu;-16.25;168.12;1334;Pyroclastic shield;6;
18;60;;;Bona-Churchill;Alaska-E;United States;61.38;-141.75;5005;Stratovolcano;6;
19;79;8;25;Vesuvius;Italy;Italy;40.821;14.426;1281;Complex volcano;5;2100
"20;200;;;""Arhab; Harra of"";Arabia-S;Yemen;15.63;44.08;3100;Volcanic field;;"
21;230;;;Taupo;New Zealand;New Zealand;-38.82;176;760;Caldera;6;
22;240;;;Ksudach;Kamchatka;Russia;51.8;157.53;1079;Stratovolcano;6;
23;350;;;Augustine;Alaska-SW;United States;59.37;-153.42;1252;Lava dome;;
24;416;;;Krakatau;Indonesia;Indonesia;-6.102;105.423;813;Caldera;;
25;450;;;Ilopango;El Salvador;El Salvador;13.672;-89.053;450;Caldera;6;30000
"26;500;;;""Arhab; Harra of"";Arabia-S;Yemen;15.63;44.08;3100;Volcanic field;;"
27;590;;;San Salvador;El Salvador;El Salvador;13.736;-89.286;1893;Stratovolcano;;
"28;640;;;""Uwayrid; Harrat"";Arabia-W;Saudi Arabia;27.08;37.25;1900;Volcanic field;2;"
29;653;;;Dakataua;New Britain-SW Pac;Papua New Guinea;-5.056;150.108;400;Caldera;6;
30;683;;;Rabaul;New Britain-SW Pac;Papua New Guinea;-4.271;152.203;688;Pyroclastic shield;6;
31;710;;;Pago;New Britain-SW Pac;Papua New Guinea;-5.58;150.52;742;Caldera;6;
32;764;;;Sakura-jima;Kyushu-Japan;Japan;31.58;130.67;1117;Stratovolcano;4;80
33;766;7;20;Sakura-jima;Kyushu-Japan;Japan;31.58;130.67;1117;Stratovolcano;3;
34;787;;;Vesuvius;Italy;Italy;40.821;14.426;1281;Complex volcano;3;
35;847;;;Bona-Churchill;Alaska-E;United States;61.38;-141.75;5005;Stratovolcano;6;
36;920;;;Katla;Iceland-S;Iceland;63.63;-19.05;1512;Subglacial volcano;4;
37;930;;;Ceboruco;Mexico;Mexico;21.125;-104.508;2280;Stratovolcano;6;
38;934;;;Katla;Iceland-S;Iceland;63.63;-19.05;1512;Subglacial volcano;4;
39;950;;;Katla;Iceland-S;Iceland;63.63;-19.05;1512;Subglacial volcano;;
40;1000;;;Changbaishan;China-E;North Korea;41.98;128.08;2744;Stratovolcano;7;
41;1050;;;Santorini;Greece;Greece;36.404;25.396;329;Shield volcano;;
42;1104;10;15;Hekla;Iceland-S;Iceland;63.98;-19.7;1491;Stratovolcano;5;
43;1151;;;Krisuvik;Iceland-SW;Iceland;63.93;-22.1;379;Crater rows;1;
44;1158;1;19;Hekla;Iceland-S;Iceland;63.98;-19.7;1491;Stratovolcano;4;
45;1169;2;4;Etna;Italy;Italy;37.734;15.004;3350;Stratovolcano;;
46;1169;2;11;Etna;Italy;Italy;37.734;15.004;3350;Stratovolcano;;
47;1177;;;Katla;Iceland-S;Iceland;63.63;-19.05;1512;Subglacial volcano;3;
48;1206;12;4;Hekla;Iceland-S;Iceland;63.98;-19.7;1491;Stratovolcano;2;
49;1250;;;Fentale;Africa-NE;Ethiopia;8.975;39.93;2007;Stratovolcano;;
50;1262;;;Katla;Iceland-S;Iceland;63.63;-19.05;1512;Subglacial volcano;3;
51;1280;;;Quilotoa;Ecuador;Ecuador;-.85;-78.9;3914;Caldera;6;
52;1300;7;11;Hekla;Iceland-S;Iceland;63.98;-19.7;1491;Stratovolcano;4;
53;1302;;;Ischia;Italy;Italy;40.73;13.897;789;Complex volcano;;
54;1311;1;18;Katla;Iceland-S;Iceland;63.63;-19.05;1512;Subglacial volcano;4;
55;1311;;;Kelut;Java;Indonesia;-7.93;112.308;1731;Stratovolcano;3;
56;1329;6;28;Etna;Italy;Italy;37.734;15.004;3350;Stratovolcano;3;
57;1329;7;;Etna;Italy;Italy;37.734;15.004;3350;Stratovolcano;1;
58;1331;12;;Aso;Kyushu-Japan;Japan;32.88;131.1;1592;Caldera;2;
59;1334;;;Kelut;Java;Indonesia;-7.93;112.308;1731;Stratovolcano;3;
60;1341;5;19;Hekla;Iceland-S;Iceland;63.98;-19.7;1491;Stratovolcano;3;
61;1357;;;Katla;Iceland-S;Iceland;63.63;-19.05;1512;Subglacial volcano;4;
62;1362;6;5;Oraefajokull;Iceland-SE;Iceland;64;-16.65;2119;Stratovolcano;5;220
"63;1375;;;""Chichon; El"";Mexico;Mexico;17.36;-93.228;1150;Tuff cone;5;"
64;1376;;;Kelut;Java;Indonesia;-7.93;112.308;1731;Stratovolcano;3;
65;1385;;;Kelut;Java;Indonesia;-7.93;112.308;1731;Stratovolcano;3;
66;1389;12;1;Hekla;Iceland-S;Iceland;63.98;-19.7;1491;Stratovolcano;3;
67;1410;3;5;Nasu;Honshu-Japan;Japan;37.12;139.97;1917;Stratovolcano;3;180
68;1430;;;Kuwae;Vanuatu-SW Pacific;Vanuatu;-16.829;168.536;-2;Caldera;;
69;1471;11;3;Sakura-jima;Kyushu-Japan;Japan;31.58;130.67;1117;Stratovolcano;5;
70;1477;2;;Bardarbunga;Iceland-NE;Iceland;64.63;-17.53;2000;Stratovolcano;6;
71;1485;1;;Aso;Kyushu-Japan;Japan;32.88;131.1;1592;Caldera;2;1
72;1500;;;Katla;Iceland-S;Iceland;63.63;-19.05;1512;Subglacial volcano;4;
73;1510;7;25;Hekla;Iceland-S;Iceland;63.98;-19.7;1491;Stratovolcano;4;1
74;1510;10;15;Hekla;Iceland-S;Iceland;63.98;-19.7;1491;Stratovolcano;4;
75;1536;3;23;Etna;Italy;Italy;37.734;15.004;3350;Stratovolcano;3;1
76;1538;9;29;Campi Flegrei;Italy;Italy;40.827;14.139;458;Caldera;3;24
77;1540;;;Augustine;Alaska-SW;United States;59.37;-153.42;1252;Lava dome;4;
78;1550;11;;Dukono;Halmahera-Indonesia;Indonesia;1.68;127.88;1185;Complex volcano;3;
79;1564;12;31;Gamkonora;Halmahera-Indonesia;Indonesia;1.375;127.52;1635;Stratovolcano;3;
80;1565;8;;Pacaya;Guatemala;Guatemala;14.381;-90.601;2552;Complex volcano;3;
81;1566;10;31;Kirishima;Kyushu-Japan;Japan;31.93;130.87;1700;Shield volcano;3;
82;1568;;;Savo;Solomon Is-SW Pacifi;Solomon Is.;-9.13;159.82;510;Stratovolcano;3;1001
83;1570;;;Mombacho;Nicaragua;Nicaragua;11.826;-85.968;1344;Stratovolcano;;400
84;1576;;;Colima;Mexico;Mexico;19.514;-103.62;3850;Stratovolcano;3;
85;1580;5;1;San Jorge;Azores;Portugal;38.65;-28.08;1053;Fissure vent;3;10
86;1580;8;11;Katla;Iceland-S;Iceland;63.63;-19.05;1512;Subglacial volcano;4;
87;1580;;;Billy Mitchell;Bougainville-SW Paci;Papua New Guinea;-6.092;155.225;1544;Pyroclastic shield;6;
88;1581;12;26;Fuego;Guatemala;Guatemala;14.473;-90.88;3763;Stratovolcano;4;
89;1586;;;Kelut;Java;Indonesia;-7.93;112.308;1731;Stratovolcano;5;10000
90;1587;;;Merapi;Java;Indonesia;-7.542;110.442;2947;Stratovolcano;4;
91;1590;1;15;Colima;Mexico;Mexico;19.514;-103.62;3850;Stratovolcano;3;
92;1593;;;Raung;Java;Indonesia;-8.125;114.042;3332;Stratovolcano;5;
93;1595;3;12;Ruiz;Colombia;Colombia;4.895;-75.322;5321;Stratovolcano;4;636
94;1596;5;1;Asama;Honshu-Japan;Japan;36.4;138.53;2560;Complex volcano;2;
95;1597;1;3;Hekla;Iceland-S;Iceland;63.98;-19.7;1491;Stratovolcano;4;
96;1597;;;Raung;Java;Indonesia;-8.125;114.042;3332;Stratovolcano;3;
97;1598;5;13;Asama;Honshu-Japan;Japan;36.4;138.53;2560;Complex volcano;2;800
98;1598;;;Banda Api;Banda Sea;Pacific Ocean;-4.525;129.871;640;Caldera;3;
99;1600;2;19;Huaynaputina;Peru;Peru;-16.608;-70.85;4850;Stratovolcano;6;1500
100;1606;1;23;Hachijo-jima;Izu Is-Japan;Japan;33.13;139.77;854;Stratovolcano;2;
101;1608;7;18;Gamalama;Halmahera-Indonesia;Indonesia;.8;127.325;1715;Stratovolcano;3;
102;1609;;;Tengchong;China-S;China;25.32;98.47;2865;Pyroclastic cone;;
103;1615;3;;Banda Api;Banda Sea;Pacific Ocean;-4.525;129.871;640;Caldera;3;
104;1617;;;Fuego;Guatemala;Guatemala;14.473;-90.88;3763;Stratovolcano;3;
105;1625;9;2;Katla;Iceland-S;Iceland;63.63;-19.05;1512;Subglacial volcano;5;
106;1629;;;Grimsvotn;Iceland-NE;Iceland;64.42;-17.33;1725;Caldera;2;4
107;1630;9;3;Furnas;Azores;Portugal;37.77;-25.32;805;Stratovolcano;4;200
108;1631;2;14;Dama Ali;Africa-NE;Ethiopia;11.28;41.63;1068;Shield volcano;;50
109;1631;12;16;Vesuvius;Italy;Italy;40.821;14.426;1281;Complex volcano;5;4000
110;1636;5;15;Hekla;Iceland-S;Iceland;63.98;-19.7;1491;Stratovolcano;3;
111;1638;;;Raung;Java;Indonesia;-8.125;114.042;3332;Stratovolcano;4;1001
112;1640;7;31;Komaga-take;Hokkaido-Japan;Japan;42.07;140.68;1140;Stratovolcano;5;
113;1640;;;Tungurahua;Ecuador;Ecuador;-1.467;-78.442;5023;Stratovolcano;3;5000
114;1646;7;19;Makian;Halmahera-Indonesia;Indonesia;.32;127.4;1357;Stratovolcano;4;
115;1650;9;26;Santorini;Greece;Greece;36.404;25.396;329;Shield volcano;4;120
116;1659;9;30;San Salvador;El Salvador;El Salvador;13.736;-89.286;1893;Stratovolcano;3;
117;1659;11;11;Teon;Banda Sea;Pacific Ocean;-6.92;129.125;655;Stratovolcano;4;
118;1660;2;;Teon;Banda Sea;Pacific Ocean;-6.92;129.125;655;Stratovolcano;4;3
119;1660;11;3;Katla;Iceland-S;Iceland;63.63;-19.05;1512;Subglacial volcano;4;
120;1660;;;Long Island;New Guinea-NE of;Papua New Guinea;-5.358;147.12;1280;Complex volcano;6;2000
121;1663;8;16;Usu;Hokkaido-Japan;Japan;42.53;140.83;731;Stratovolcano;5;5
122;1664;4;15;Unzen;Kyushu-Japan;Japan;32.75;130.3;1500;Complex volcano;2;30
123;1664;;;Iwo-Tori-shima;Ryukyu Is;Japan;27.85;128.25;217;Complex volcano;;1
124;1669;3;11;Etna;Italy;Italy;37.734;15.004;3350;Stratovolcano;3;
125;1669;3;19;Etna;Italy;Italy;37.734;15.004;3350;Stratovolcano;3;2
126;1670;;;Aoba;Vanuatu-SW Pacific;Vanuatu;-15.4;167.83;1496;Shield volcano;2;
127;1672;4;24;Fayal;Azores;Portugal;38.6;-28.73;1043;Stratovolcano;2;3
128;1672;8;4;Merapi;Java;Indonesia;-7.542;110.442;2947;Stratovolcano;3;3000
129;1673;5;20;Gamkonora;Halmahera-Indonesia;Indonesia;1.375;127.52;1635;Stratovolcano;5;
130;1677;11;22;La Palma;Canary Is;Spain;28.58;-17.83;2426;Stratovolcano;2;1
131;1679;9;21;Zukur;Red Sea;Yemen;14.02;42.75;624;Shield volcano;;
132;1682;8;12;Vesuvius;Italy;Italy;40.821;14.426;1281;Complex volcano;3;4
133;1684;12;;Grimsvotn;Iceland-NE;Iceland;64.42;-17.33;1725;Caldera;2;1
134;1690;2;3;Vesuvius;Italy;Italy;40.821;14.426;1281;Complex volcano;;
135;1690;;;Guntur;Java;Indonesia;-7.13;107.83;2249;Complex volcano;3;
136;1692;6;4;Serua;Banda Sea;Pacific Ocean;-6.3;130;641;Stratovolcano;4;
137;1693;1;9;Etna;Italy;Italy;37.734;15.004;3350;Stratovolcano;;
138;1693;2;13;Hekla;Iceland-S;Iceland;63.98;-19.7;1491;Stratovolcano;4;
139;1694;11;20;Banda Api;Banda Sea;Pacific Ocean;-4.525;129.871;640;Caldera;3;
140;1698;5;;Vesuvius;Italy;Italy;40.821;14.426;1281;Complex volcano;3;
141;1698;;;Cereme;Java;Indonesia;-6.892;108.4;3078;Stratovolcano;3;
142;1698;;;Cotopaxi;Ecuador;Ecuador;-.677;-78.436;5911;Stratovolcano;3;
143;1706;5;5;Tenerife;Canary Is;Spain;28.271;-16.641;3715;Stratovolcano;2;
144;1707;5;;Santorini;Greece;Greece;36.404;25.396;329;Shield volcano;;
145;1707;12;16;Fuji;Honshu-Japan;Japan;35.35;138.73;3776;Stratovolcano;4;
146;1711;12;11;Awu;Sangihe Is-Indonesia;Indonesia;3.67;125.5;1320;Stratovolcano;3;3000
147;1712;1;15;Bardarbunga;Iceland-NE;Iceland;64.63;-17.53;2000;Stratovolcano;2;
148;1714;6;30;Vesuvius;Italy;Italy;40.821;14.426;1281;Complex volcano;;
149;1716;7;20;Kelut;Java;Indonesia;-7.93;112.308;1731;Stratovolcano;2;
150;1716;9;24;Taal;Luzon-Philippines;Philippines;14.002;120.993;400;Stratovolcano;4;
151;1716;10;5;Bardarbunga;Iceland-NE;Iceland;64.63;-17.53;2000;Stratovolcano;2;
152;1716;11;9;Kirishima;Kyushu-Japan;Japan;31.93;130.87;1700;Shield volcano;3;1
153;1717;2;7;Kirishima;Kyushu-Japan;Japan;31.93;130.87;1700;Shield volcano;3;1
154;1717;8;4;Bardarbunga;Iceland-NE;Iceland;64.63;-17.53;2000;Stratovolcano;3;
155;1717;8;27;Fuego;Guatemala;Guatemala;14.473;-90.88;3763;Stratovolcano;3;
156;1718;2;1;Pico;Azores;Portugal;38.47;-28.4;2351;Stratovolcano;2;2
157;1721;5;11;Katla;Iceland-S;Iceland;63.63;-19.05;1512;Subglacial volcano;5;
158;1721;6;22;Asama;Honshu-Japan;Japan;36.4;138.53;2560;Complex volcano;1;15
159;1726;2;1;Bardarbunga;Iceland-NE;Iceland;64.63;-17.53;2000;Stratovolcano;1;
160;1727;8;3;Oraefajokull;Iceland-SE;Iceland;64;-16.65;2119;Stratovolcano;4;3
161;1729;2;1;Bardarbunga;Iceland-NE;Iceland;64.63;-17.53;2000;Stratovolcano;1;
162;1729;6;30;Krafla;Iceland-NE;Iceland;65.73;-16.78;650;Caldera;2;
163;1730;9;1;Lanzarote;Canary Is;Spain;29.03;-13.63;670;Fissure vent;2;
164;1730;;;Raung;Java;Indonesia;-8.125;114.042;3332;Stratovolcano;3;
165;1730;;;Tseax River Cone;Canada;Canada;55.12;-128.9;609;Pyroclastic cone;;
166;1737;5;20;Vesuvius;Italy;Italy;40.821;14.426;1281;Complex volcano;2;2
167;1741;8;23;Oshima-Oshima;Hokkaido-Japan;Japan;41.5;139.37;737;Stratovolcano;4;
168;1742;6;15;Cotopaxi;Ecuador;Ecuador;-.677;-78.436;5911;Stratovolcano;3;
169;1742;12;9;Cotopaxi;Ecuador;Ecuador;-.677;-78.436;5911;Stratovolcano;3;
170;1749;8;11;Taal;Luzon-Philippines;Philippines;14.002;120.993;400;Stratovolcano;3;
171;1753;10;15;Grimsvotn;Iceland-NE;Iceland;64.42;-17.33;1725;Caldera;2;
172;1754;5;13;Taal;Luzon-Philippines;Philippines;14.002;120.993;400;Stratovolcano;4;12
173;1755;10;17;Katla;Iceland-S;Iceland;63.63;-19.05;1512;Subglacial volcano;4;2
174;1757;7;9;San Jorge;Azores;Portugal;38.65;-28.08;1053;Fissure vent;0;
175;1760;;;Makian;Halmahera-Indonesia;Indonesia;.32;127.4;1357;Stratovolcano;4;2000
176;1762;;;Kliuchevskoi;Kamchatka;Russia;56.057;160.638;4835;Stratovolcano;2;
177;1766;4;5;Hekla;Iceland-S;Iceland;63.98;-19.7;1491;Stratovolcano;4;
178;1766;7;20;Mayon;Luzon-Philippines;Philippines;13.257;123.685;2462;Stratovolcano;3;49
179;1768;4;4;Cotopaxi;Ecuador;Ecuador;-.677;-78.436;5911;Stratovolcano;4;
180;1772;5;9;Gamalama;Halmahera-Indonesia;Indonesia;.8;127.325;1715;Stratovolcano;3;35
181;1772;8;12;Papandayan;Java;Indonesia;-7.32;107.73;2665;Stratovolcano;3;2957
182;1773;2;2;Gamalama;Halmahera-Indonesia;Indonesia;.8;127.325;1715;Stratovolcano;2;
183;1775;;;Gamalama;Halmahera-Indonesia;Indonesia;.8;127.325;1715;Stratovolcano;3;1300
184;1775;;;Lokon-Empung;Sulawesi-Indonesia;Indonesia;1.358;124.792;1580;Stratovolcano;3;
185;1778;;;Raikoke;Kuril Is;Russia;48.292;153.25;551;Stratovolcano;4;15
186;1779;8;8;Vesuvius;Italy;Italy;40.821;14.426;1281;Complex volcano;2;
187;1779;11;8;Sakura-jima;Kyushu-Japan;Japan;31.58;130.67;1117;Stratovolcano;4;153
188;1780;2;9;Sakura-jima;Kyushu-Japan;Japan;31.58;130.67;1117;Stratovolcano;4;
189;1780;7;27;Aoga-shima;Izu Is-Japan;Japan;32.45;139.77;423;Stratovolcano;3;7
190;1780;9;9;Sakura-jima;Kyushu-Japan;Japan;31.58;130.67;1117;Stratovolcano;4;
191;1780;10;31;Sakura-jima;Kyushu-Japan;Japan;31.58;130.67;1117;Stratovolcano;;
192;1781;4;11;Sakura-jima;Kyushu-Japan;Japan;31.58;130.67;1117;Stratovolcano;4;23
193;1783;8;5;Asama;Honshu-Japan;Japan;36.4;138.53;2560;Complex volcano;4;1491
194;1784;4;;Grimsvotn;Iceland-NE;Iceland;64.42;-17.33;1725;Caldera;4;
195;1784;7;;Sabancaya;Peru;Peru;-15.78;-71.85;5967;Stratovolcano;;
196;1784;;;Hualalai;Hawaiian Is;United States;19.692;-155.87;2523;Shield volcano;0;
197;1785;4;18;Aoga-shima;Izu Is-Japan;Japan;32.45;139.77;423;Stratovolcano;3;135
198;1786;;;Dieng Volc Complex;Java;Indonesia;-7.2;109.92;2565;Complex volcano;2;38
199;1789;;;Oshima;Izu Is-Japan;Japan;34.73;139.38;758;Stratovolcano;2;
200;1790;11;;Kilauea;Hawaiian Is;United States;19.425;-155.292;1222;Shield volcano;4;5405
201;1792;5;21;Unzen;Kyushu-Japan;Japan;32.75;130.3;1500;Complex volcano;2;
202;1794;6;15;Vesuvius;Italy;Italy;40.821;14.426;1281;Complex volcano;3;400
203;1800;6;24;San Jorge;Azores;Portugal;38.65;-28.08;1053;Fissure vent;1;9
204;1800;10;8;Guntur;Java;Indonesia;-7.13;107.83;2249;Complex volcano;;
205;1800;10;30;Mayon;Luzon-Philippines;Philippines;13.257;123.685;2462;Stratovolcano;2;
206;1800;;;Kieyo;Africa-E;Tanzania;-9.23;33.78;2175;Stratovolcano;2;
207;1800;;;St. Helens;US-Washington;United States;46.2;-122.18;2549;Stratovolcano;5;
208;1800;;;Hualalai;Hawaiian Is;United States;19.692;-155.87;2523;Shield volcano;0;2
209;1801;7;;Chokai;Honshu-Japan;Japan;39.08;140.03;2237;Stratovolcano;2;8
210;1803;7;4;Asama;Honshu-Japan;Japan;36.4;138.53;2560;Complex volcano;2;
211;1803;11;7;Asama;Honshu-Japan;Japan;36.4;138.53;2560;Complex volcano;2;
212;1804;;;Shikotsu;Hokkaido-Japan;Japan;42.7;141.33;1320;Caldera;3;
213;1805;8;11;Vesuvius;Italy;Italy;40.821;14.426;1281;Complex volcano;2;4
214;1812;4;27;Soufriere St. Vincent;W Indies;St. Vincent & the Grenadines;13.33;-61.18;1220;Stratovolcano;4;56
215;1812;8;6;Awu;Sangihe Is-Indonesia;Indonesia;3.67;125.5;1320;Stratovolcano;3;953
216;1813;5;;Vesuvius;Italy;Italy;40.821;14.426;1281;Complex volcano;2;
217;1814;2;1;Mayon;Luzon-Philippines;Philippines;13.257;123.685;2462;Stratovolcano;4;1200
218;1815;4;10;Tambora;Lesser Sunda Is;Indonesia;-8.25;118;2850;Stratovolcano;7;11000
219;1816;7;5;Aso;Kyushu-Japan;Japan;32.88;131.1;1592;Caldera;2;1
220;1817;1;24;Ijen;Java;Indonesia;-8.058;114.242;2799;Stratovolcano;2;
221;1817;;;Raung;Java;Indonesia;-8.125;114.042;3332;Stratovolcano;4;
222;1818;2;5;Colima;Mexico;Mexico;19.514;-103.62;3850;Stratovolcano;4;
223;1819;;;Asuncion;Mariana Is-C Pacific;United States;19.67;145.4;857;Stratovolcano;;
224;1820;3;1;Westdahl;Aleutian Is;United States;54.52;-164.65;1654;Stratovolcano;2;
225;1820;6;11;Banda Api;Banda Sea;Pacific Ocean;-4.525;129.871;640;Caldera;2;
226;1822;3;9;Usu;Hokkaido-Japan;Japan;42.53;140.83;731;Stratovolcano;4;50
227;1822;10;8;Galunggung;Java;Indonesia;-7.25;108.05;2168;Stratovolcano;5;4011
228;1822;12;27;Merapi;Java;Indonesia;-7.542;110.442;2947;Stratovolcano;3;100
229;1823;2;;Kilauea;Hawaiian Is;United States;19.425;-155.292;1222;Shield volcano;0;
230;1824;;;Shishaldin;Aleutian Is;United States;54.75;-163.97;2857;Stratovolcano;3;
231;1825;;;Balbi;Bougainville-SW Paci;Papua New Guinea;-5.83;154.98;2715;Stratovolcano;;
232;1826;10;11;Kelut;Java;Indonesia;-7.93;112.308;1731;Stratovolcano;3;
233;1826;10;11;Dieng Volc Complex;Java;Indonesia;-7.2;109.92;2565;Complex volcano;2;
234;1826;10;;Aso;Kyushu-Japan;Japan;32.88;131.1;1592;Caldera;2;
235;1827;6;27;Avachinsky;Kamchatka;Russia;53.255;158.83;2741;Stratovolcano;2;
236;1827;8;9;Avachinsky;Kamchatka;Russia;53.255;158.83;2741;Stratovolcano;2;
237;1829;;;Guntur;Java;Indonesia;-7.13;107.83;2249;Complex volcano;2;
238;1832;11;1;Etna;Italy;Italy;37.734;15.004;3350;Stratovolcano;2;
239;1832;12;25;Merapi;Java;Indonesia;-7.542;110.442;2947;Stratovolcano;3;32
240;1833;11;24;Kaba;Sumatra;Indonesia;-3.52;102.62;1952;Stratovolcano;2;126
241;1835;1;20;Cosiguina;Nicaragua;Nicaragua;12.98;-87.57;872;Stratovolcano;5;
242;1835;11;1;Banda Api;Banda Sea;Pacific Ocean;-4.525;129.871;640;Caldera;;
243;1837;9;;Peuet Sague;Sumatra;Indonesia;4.914;96.329;2801;Complex volcano;;
244;1838;2;26;Gamalama;Halmahera-Indonesia;Indonesia;.8;127.325;1715;Stratovolcano;2;4
245;1839;2;12;Unnamed;Chile-Is;Chile;-33.62;-76.83;-642;Submarine volcano;2;
246;1840;2;2;Gamalama;Halmahera-Indonesia;Indonesia;.8;127.325;1715;Stratovolcano;2;
247;1840;5;30;Kilauea;Hawaiian Is;United States;19.425;-155.292;1222;Shield volcano;0;
248;1840;7;2;Ararat;Turkey;Turkey;39.7;44.28;5165;Stratovolcano;3;1900
249;1840;;;Savo;Solomon Is-SW Pacifi;Solomon Is.;-9.13;159.82;510;Stratovolcano;3;
250;1840;;;Tinakula;Santa Cruz Is-SW Pac;Solomon Is.;-10.38;165.8;851;Stratovolcano;3;
251;1841;4;;Kuchinoerabu-jima;Ryukyu Is;Japan;30.43;130.22;649;Stratovolcano;2;
252;1843;2;8;Liamuiga;W Indies;St. Kitts & Nevis;17.37;-62.8;1156;Stratovolcano;0;
253;1843;2;17;Soufriere Guadeloupe;W Indies;Guadeloupe;16.05;-61.67;1467;Stratovolcano;;
254;1843;8;;Lamongan;Java;Indonesia;-8;113.342;1651;Stratovolcano;2;4
255;1843;11;17;Etna;Italy;Italy;37.734;15.004;3350;Stratovolcano;2;56
256;1845;2;8;Soputan;Sulawesi-Indonesia;Indonesia;1.108;124.725;1784;Stratovolcano;2;
257;1845;2;19;Ruiz;Colombia;Colombia;4.895;-75.322;5321;Stratovolcano;3;1000
258;1845;9;2;Hekla;Iceland-S;Iceland;63.98;-19.7;1491;Stratovolcano;4;
259;1846;5;7;Taupo;New Zealand;New Zealand;-38.82;176;760;Caldera;;63
260;1846;5;27;Tangkubanparahu;Java;Indonesia;-6.77;107.6;2084;Stratovolcano;2;
261;1846;11;18;E-san;Hokkaido-Japan;Japan;41.8;141.17;618;Stratovolcano;1;
262;1847;4;9;Fogo;Cape Verde Is;Cape Verde;14.95;-24.35;2829;Stratovolcano;2;
263;1847;12;4;Dieng Volc Complex;Java;Indonesia;-7.2;109.92;2565;Complex volcano;2;
264;1848;5;16;Kelut;Java;Indonesia;-7.93;112.308;1731;Stratovolcano;2;21
265;1850;;;Rabaul;New Britain-SW Pac;Papua New Guinea;-4.271;152.203;688;Pyroclastic shield;2;
266;1853;6;24;Niuafo'ou;Tonga-SW Pacific;Tonga;-15.6;-175.63;260;Shield volcano;0;25
267;1853;7;13;Mayon;Luzon-Philippines;Philippines;13.257;123.685;2462;Stratovolcano;3;34
268;1853;10;29;Unnamed;Taiwan-E of;Taiwan;24;121.83;0;Submarine volcano;2;
269;1854;2;18;Shiveluch;Kamchatka;Russia;56.653;161.36;3283;Stratovolcano;5;
270;1854;2;;Aso;Kyushu-Japan;Japan;32.88;131.1;1592;Caldera;2;3
271;1854;6;27;Alaid;Kuril Is;Russia;50.858;155.55;2339;Stratovolcano;3;
272;1856;3;2;Awu;Sangihe Is-Indonesia;Indonesia;3.67;125.5;1320;Stratovolcano;3;2806
273;1856;7;26;Shishaldin;Aleutian Is;United States;54.75;-163.97;2857;Stratovolcano;;
274;1856;9;25;Komaga-take;Hokkaido-Japan;Japan;42.07;140.68;1140;Stratovolcano;4;20
275;1857;4;17;Umboi;New Guinea-NE of;Papua New Guinea;-5.589;147.875;1548;Complex volcano;;
276;1858;1;;Mayon;Luzon-Philippines;Philippines;13.257;123.685;2462;Stratovolcano;2;
277;1858;4;23;Tate-yama;Honshu-Japan;Japan;36.57;137.6;2621;Stratovolcano;;
278;1858;7;3;Tate-yama;Honshu-Japan;Japan;36.57;137.6;2621;Stratovolcano;;
279;1860;4;;Semeru;Java;Indonesia;-8.108;112.92;3676;Stratovolcano;2;
280;1860;8;18;Fuego;Guatemala;Guatemala;14.473;-90.88;3763;Stratovolcano;2;
281;1860;;;Grimsvotn;Iceland-NE;Iceland;64.42;-17.33;1725;Caldera;;1
282;1861;5;7;Dubbi;Africa-NE;Eritrea;13.58;41.808;1625;Stratovolcano;3;106
283;1861;5;;Grimsvotn;Iceland-NE;Iceland;64.42;-17.33;1725;Caldera;2;
284;1861;12;29;Makian;Halmahera-Indonesia;Indonesia;.32;127.4;1357;Stratovolcano;4;326
285;1863;8;17;Yasur;Vanuatu-SW Pacific;Vanuatu;-19.52;169.425;361;Stratovolcano;;
286;1864;1;3;Kelut;Java;Indonesia;-7.93;112.308;1731;Stratovolcano;2;54
287;1866;2;20;Santorini;Greece;Greece;36.404;25.396;329;Shield volcano;2;1
288;1866;9;12;Ofu-Olosega;Samoa-SW Pacific;United States;-14.175;-169.618;639;Shield volcano;2;
289;1867;10;21;Zao;Honshu-Japan;Japan;38.15;140.45;1841;Complex volcano;2;3
290;1868;4;3;Mauna Loa;Hawaiian Is;United States;19.475;-155.608;4170;Shield volcano;2;
291;1868;9;5;Etna;Italy;Italy;37.734;15.004;3350;Stratovolcano;;
292;1869;7;7;Lewotobi;Lesser Sunda Is;Indonesia;-8.53;122.775;1703;Stratovolcano;2;2
293;1869;8;;Lamongan;Java;Indonesia;-8;113.342;1651;Stratovolcano;2;8
294;1870;8;;Ruang;Sangihe Is-Indonesia;Indonesia;2.28;125.425;725;Stratovolcano;2;
295;1870;;;Iliwerung;Lesser Sunda Is;Indonesia;-8.54;123.59;1018;Complex volcano;3;
296;1870;;;Aoba;Vanuatu-SW Pacific;Vanuatu;-15.4;167.83;1496;Shield volcano;2;
297;1871;3;3;Ruang;Sangihe Is-Indonesia;Indonesia;2.28;125.425;725;Stratovolcano;2;
298;1871;4;30;Camiguin;Mindanao-Philippines;Philippines;9.203;124.673;1332;Stratovolcano;2;
299;1871;8;7;Gamalama;Halmahera-Indonesia;Indonesia;.8;127.325;1715;Stratovolcano;2;1
300;1871;12;8;Mayon;Luzon-Philippines;Philippines;13.257;123.685;2462;Stratovolcano;3;3
301;1872;4;15;Merapi;Java;Indonesia;-7.542;110.442;2947;Stratovolcano;4;30
302;1872;4;17;Merapi;Java;Indonesia;-7.542;110.442;2947;Stratovolcano;4;170
303;1872;4;24;Vesuvius;Italy;Italy;40.821;14.426;1281;Complex volcano;3;9
304;1872;11;3;Merapi;Java;Indonesia;-7.542;110.442;2947;Stratovolcano;4;200
305;1872;12;;Aso;Kyushu-Japan;Japan;32.88;131.1;1592;Caldera;3;4
306;1872;;;Sinarka;Kuril Is;Russia;48.875;154.175;934;Stratovolcano;4;
307;1873;1;16;Ragang;Mindanao-Philippines;Philippines;7.67;124.5;2815;Stratovolcano;2;
308;1873;;;Vesuvius;Italy;Italy;40.821;14.426;1281;Complex volcano;;9
309;1874;7;3;Miyake-jima;Izu Is-Japan;Japan;34.08;139.53;815;Stratovolcano;3;1
310;1874;7;19;Taal;Luzon-Philippines;Philippines;14.002;120.993;400;Stratovolcano;2;
311;1875;1;29;Kelut;Java;Indonesia;-7.93;112.308;1731;Stratovolcano;0;
312;1875;3;29;Askja;Iceland-NE;Iceland;65.03;-16.75;1516;Stratovolcano;5;
313;1875;;;Mayon;Luzon-Philippines;Philippines;13.257;123.685;2462;Stratovolcano;;1500
314;1877;2;14;Mauna Loa;Hawaiian Is;United States;19.475;-155.608;4170;Shield volcano;0;
315;1877;6;25;Cotopaxi;Ecuador;Ecuador;-.677;-78.436;5911;Stratovolcano;4;340
316;1878;1;10;Yasur;Vanuatu-SW Pacific;Vanuatu;-19.52;169.425;361;Stratovolcano;3;
317;1878;1;;Rabaul;New Britain-SW Pac;Papua New Guinea;-4.271;152.203;688;Pyroclastic shield;3;1
318;1878;2;11;Yasur;Vanuatu-SW Pacific;Vanuatu;-19.52;169.425;361;Stratovolcano;;
319;1878;8;29;Okmok;Aleutian Is;United States;53.42;-168.13;1073;Shield volcano;2;
320;1879;2;4;Stromboli;Italy;Italy;38.789;15.213;926;Stratovolcano;2;
321;1883;3;;Karthala;Indian O-W;Comoros;-11.75;43.38;2361;Shield volcano;2;
322;1883;8;27;Krakatau;Indonesia;Indonesia;-6.102;105.423;813;Caldera;6;2000
323;1883;10;6;Augustine;Alaska-SW;United States;59.37;-153.42;1252;Lava dome;4;8
324;1883;10;10;Krakatau;Indonesia;Indonesia;-6.102;105.423;813;Caldera;;
325;1883;12;;Bagana;Bougainville-SW Paci;Papua New Guinea;-6.14;155.195;1750;Lava cone;3;
326;1884;2;;Krakatau;Indonesia;Indonesia;-6.102;105.423;813;Caldera;;
327;1885;4;18;Semeru;Java;Indonesia;-8.108;112.92;3676;Stratovolcano;2;74
328;1885;5;25;Purace;Colombia;Colombia;2.32;-76.4;4650;Stratovolcano;3;
329;1886;1;11;Tungurahua;Ecuador;Ecuador;-1.467;-78.442;5023;Stratovolcano;4;2
330;1886;6;10;Okataina;New Zealand;New Zealand;-38.12;176.5;1111;Lava dome;2;153
331;1886;8;31;Niuafo'ou;Tonga-SW Pacific;Tonga;-15.6;-175.63;260;Shield volcano;4;
332;1887;3;9;Mayon;Luzon-Philippines;Philippines;13.257;123.685;2462;Stratovolcano;3;15
333;1888;3;13;Ritter Island;New Guinea-NE of;Papua New Guinea;-5.52;148.121;140;Stratovolcano;3;
334;1888;7;15;Bandai;Honshu-Japan;Japan;37.6;140.08;1819;Stratovolcano;4;461
335;1889;9;6;Banua Wuhu;Sangihe Is-Indonesia;Indonesia;3.138;125.491;-5;Submarine volcano;2;
336;1890;6;29;Makian;Halmahera-Indonesia;Indonesia;.32;127.4;1357;Stratovolcano;2;
337;1890;;;Victory;New Guinea;Papua New Guinea;-9.2;149.07;1925;Stratovolcano;2;
338;1892;5;21;Sorikmarapi;Sumatra;Indonesia;.686;99.539;2145;Stratovolcano;2;180
339;1892;6;7;Awu;Sangihe Is-Indonesia;Indonesia;3.67;125.5;1320;Stratovolcano;3;1532
340;1892;8;30;Tofua;Tonga-SW Pacific;Tonga;-19.75;-175.07;512;Caldera;2;
341;1893;1;7;Calbuco;Chile-S;Chile;-41.326;-72.614;2003;Stratovolcano;4;
342;1893;5;19;Azuma;Honshu-Japan;Japan;37.73;140.25;2024;Stratovolcano;2;2
343;1894;10;;Ambrym;Vanuatu-SW Pacific;Vanuatu;-16.25;168.12;1334;Pyroclastic shield;3;10
344;1895;5;22;Semeru;Java;Indonesia;-8.108;112.92;3676;Stratovolcano;2;
345;1895;6;17;Karkar;New Guinea-NE of;Papua New Guinea;-4.649;145.964;1839;Stratovolcano;2;1
346;1895;10;16;Kirishima;Kyushu-Japan;Japan;31.93;130.87;1700;Shield volcano;2;4
347;1895;;;Dakataua;New Britain-SW Pac;Papua New Guinea;-5.056;150.108;400;Caldera;2;
348;1896;3;15;Kirishima;Kyushu-Japan;Japan;31.93;130.87;1700;Shield volcano;2;1
349;1897;3;26;Tinakula;Santa Cruz Is-SW Pac;Solomon Is.;-10.38;165.8;851;Stratovolcano;2;
350;1897;5;23;Mayon;Luzon-Philippines;Philippines;13.257;123.685;2462;Stratovolcano;3;350
351;1899;11;13;Dona Juana;Colombia;Colombia;1.47;-76.92;4150;Stratovolcano;4;55
352;1899;;;Manam;New Guinea-NE of;Papua New Guinea;-4.1;145.061;1807;Stratovolcano;2;2
353;1900;1;22;Asama;Honshu-Japan;Japan;36.4;138.53;2560;Complex volcano;2;25
354;1900;2;16;Kirishima;Kyushu-Japan;Japan;31.93;130.87;1700;Shield volcano;2;2
355;1900;7;17;Adatara;Honshu-Japan;Japan;37.62;140.28;1718;Stratovolcano;2;72
356;1900;;;Tullu Moje;Africa-NE;Ethiopia;8.158;39.13;2349;Pumice cone;;
357;1901;5;22;Kelut;Java;Indonesia;-7.93;112.308;1731;Stratovolcano;3;
358;1901;8;9;Epi;Vanuatu-SW Pacific;Vanuatu;-16.68;168.37;833;Stratovolcano;;
359;1902;5;5;Pelee;W Indies;Martinique;14.82;-61.17;1397;Stratovolcano;;23
360;1902;5;7;Soufriere St. Vincent;W Indies;St. Vincent & the Grenadines;13.33;-61.18;1220;Stratovolcano;4;1680
361;1902;5;8;Pelee;W Indies;Martinique;14.82;-61.17;1397;Stratovolcano;4;28000
362;1902;5;20;Pelee;W Indies;Martinique;14.82;-61.17;1397;Stratovolcano;;
363;1902;8;7;Tori-shima;Izu Is-Japan;Japan;30.48;140.32;403;Stratovolcano;3;125
364;1902;8;30;Pelee;W Indies;Martinique;14.82;-61.17;1397;Stratovolcano;4;1500
365;1902;10;25;Santa Maria;Guatemala;Guatemala;14.756;-91.552;3772;Stratovolcano;6;2500
366;1902;12;;Merapi;Java;Indonesia;-7.542;110.442;2947;Stratovolcano;2;16
367;1903;8;30;Okataina;New Zealand;New Zealand;-38.12;176.5;1111;Lava dome;1;4
368;1903;;;Karthala;Indian O-W;Comoros;-11.75;43.38;2361;Shield volcano;;17
369;1904;2;25;Karthala;Indian O-W;Comoros;-11.75;43.38;2361;Shield volcano;2;1
370;1905;3;10;Vesuvius;Italy;Italy;40.821;14.426;1281;Complex volcano;2;1
371;1905;8;4;Savai'i;Samoa-SW Pacific;Samoa;-13.612;-172.525;1858;Shield volcano;2;
372;1906;4;4;Vesuvius;Italy;Italy;40.821;14.426;1281;Complex volcano;3;350
373;1907;7;;Unnamed;Tonga-SW Pacific;Tonga;-21.38;-175.65;-500;Submarine volcano;0;
374;1907;8;4;Alayta;Africa-NE;Ethiopia;12.88;40.57;1501;Shield volcano;2;
375;1907;9;28;Lewotobi;Lesser Sunda Is;Indonesia;-8.53;122.775;1703;Stratovolcano;2;1
376;1907;10;6;Savai'i;Samoa-SW Pacific;Samoa;-13.612;-172.525;1858;Shield volcano;;
"377;1909;4;28;""Cameroon; Mt."";Africa-W;Cameroon;4.203;9.17;4095;Stratovolcano;2;"
378;1909;9;;Semeru;Java;Indonesia;-8.108;112.92;3676;Stratovolcano;2;221
379;1910;3;20;Taupo;New Zealand;New Zealand;-38.82;176;760;Caldera;;1
380;1910;7;25;Usu;Hokkaido-Japan;Japan;42.53;140.83;731;Stratovolcano;2;1
381;1911;1;30;Taal;Luzon-Philippines;Philippines;14.002;120.993;400;Stratovolcano;3;1335
382;1911;5;8;Asama;Honshu-Japan;Japan;36.4;138.53;2560;Complex volcano;2;1
383;1911;8;15;Asama;Honshu-Japan;Japan;36.4;138.53;2560;Complex volcano;2;
384;1911;11;3;Piparo;Trinidad;Trinidad;10;-61;140;Mud volcano;;
385;1911;11;8;Semeru;Java;Indonesia;-8.108;112.92;3676;Stratovolcano;3;
386;1912;9;6;Novarupta;Alaska Peninsula;United States;58.27;-155.16;841;Caldera;6;2
"387;1912;12;3;Nyamuragira;Africa-C;""Congo; DRC"";-1.408;29.2;3058;Shield volcano;3;20"
388;1913;1;20;Colima;Mexico;Mexico;19.514;-103.62;3850;Stratovolcano;4;13
389;1913;3;14;Awu;Sangihe Is-Indonesia;Indonesia;3.67;125.5;1320;Stratovolcano;2;
390;1913;5;29;Asama;Honshu-Japan;Japan;36.4;138.53;2560;Complex volcano;1;1
391;1913;6;23;Semeru;Java;Indonesia;-8.108;112.92;3676;Stratovolcano;2;
392;1913;12;6;Ambrym;Vanuatu-SW Pacific;Vanuatu;-16.25;168.12;1334;Pyroclastic shield;3;21
393;1914;1;12;Sakura-jima;Kyushu-Japan;Japan;31.58;130.67;1117;Stratovolcano;4;28
394;1914;1;18;Pago;New Britain-SW Pac;Papua New Guinea;-5.58;150.52;742;Caldera;3;
395;1914;9;10;White Island;New Zealand;New Zealand;-37.52;177.18;321;Stratovolcano;;11
396;1914;;;Aoba;Vanuatu-SW Pacific;Vanuatu;-15.4;167.83;1496;Shield volcano;;100
397;1916;3;3;Tungurahua;Ecuador;Ecuador;-1.467;-78.442;5023;Stratovolcano;4;
398;1916;7;3;Stromboli;Italy;Italy;38.789;15.213;926;Stratovolcano;3;
"399;1917;1;1;""Lengai; Ol Doinyo"";Africa-E;Tanzania;-2.751;35.902;2890;Stratovolcano;3;"
400;1917;4;1;Okataina;New Zealand;New Zealand;-38.12;176.5;1111;Lava dome;1;2
401;1917;4;;Calbuco;Chile-S;Chile;-41.326;-72.614;2003;Stratovolcano;3;
402;1917;6;7;San Salvador;El Salvador;El Salvador;13.736;-89.286;1893;Stratovolcano;3;325
403;1918;7;18;Banua Wuhu;Sangihe Is-Indonesia;Indonesia;3.138;125.491;-5;Submarine volcano;3;
404;1918;10;12;Katla;Iceland-S;Iceland;63.63;-19.05;1512;Subglacial volcano;4;
405;1919;2;19;Popocatepetl;Mexico;Mexico;19.023;-98.622;5426;Stratovolcano;1;
406;1919;4;3;Banua Wuhu;Sangihe Is-Indonesia;Indonesia;3.138;125.491;-5;Submarine volcano;;
407;1919;5;19;Kelut;Java;Indonesia;-7.93;112.308;1731;Stratovolcano;4;5110
408;1919;5;22;Stromboli;Italy;Italy;38.789;15.213;926;Stratovolcano;3;4
409;1919;7;6;Nasu;Honshu-Japan;Japan;37.12;139.97;1917;Stratovolcano;;2
410;1919;9;29;Mauna Loa;Hawaiian Is;United States;19.475;-155.608;4170;Shield volcano;0;
411;1920;7;25;Merapi;Java;Indonesia;-7.542;110.442;2947;Stratovolcano;3;33
412;1920;10;29;Izalco;El Salvador;El Salvador;13.813;-89.633;1950;Stratovolcano;3;
413;1921;11;26;Nasu;Honshu-Japan;Japan;37.12;139.97;1917;Stratovolcano;;1
"414;1923;3;2;""Cendres; Ile des"";SE Asia;Vietnam;10.158;109.014;-20;Submarine volcanoes;2;"
415;1923;3;11;Papandayan;Java;Indonesia;-7.32;107.73;2665;Stratovolcano;1;1
416;1923;6;;Tangkubanparahu;Java;Indonesia;-6.77;107.6;2084;Stratovolcano;;3
417;1923;7;1;Kirishima;Kyushu-Japan;Japan;31.93;130.87;1700;Shield volcano;2;1
418;1924;5;10;Kilauea;Hawaiian Is;United States;19.425;-155.292;1222;Shield volcano;2;1
419;1926;5;24;Tokachi;Hokkaido-Japan;Japan;43.42;142.68;2077;Stratovolcano;3;144
420;1927;8;7;Paluweh;Lesser Sunda Is;Indonesia;-8.32;121.708;875;Stratovolcano;;
421;1927;9;5;Esjufjoll;Iceland-SE;Iceland;64.27;-16.65;1760;Stratovolcano;1;1
422;1928;1;23;Santorini;Greece;Greece;36.404;25.396;329;Shield volcano;2;48
423;1928;1;;Mayon;Luzon-Philippines;Philippines;13.257;123.685;2462;Stratovolcano;3;
424;1928;3;28;Krakatau;Indonesia;Indonesia;-6.102;105.423;813;Caldera;;
425;1928;5;13;Dieng Volc Complex;Java;Indonesia;-7.2;109.92;2565;Complex volcano;2;40
426;1928;8;4;Paluweh;Lesser Sunda Is;Indonesia;-8.32;121.708;875;Stratovolcano;3;98
427;1928;11;2;Etna;Italy;Italy;37.734;15.004;3350;Stratovolcano;1;5
428;1929;1;6;Calbuco;Chile-S;Chile;-41.326;-72.614;2003;Stratovolcano;3;
429;1929;6;17;Komaga-take;Hokkaido-Japan;Japan;42.07;140.68;1140;Stratovolcano;4;2
430;1929;8;2;Etna;Italy;Italy;37.734;15.004;3350;Stratovolcano;2;2
431;1929;11;2;Santa Maria;Guatemala;Guatemala;14.756;-91.552;3772;Stratovolcano;3;200
432;1930;3;17;Krakatau;Indonesia;Indonesia;-6.102;105.423;813;Caldera;2;
433;1930;8;20;Asama;Honshu-Japan;Japan;36.4;138.53;2560;Complex volcano;3;6
434;1930;9;11;Stromboli;Italy;Italy;38.789;15.213;926;Stratovolcano;3;5
435;1930;12;18;Merapi;Java;Indonesia;-7.542;110.442;2947;Stratovolcano;3;1369
436;1931;8;20;Asama;Honshu-Japan;Japan;36.4;138.53;2560;Complex volcano;3;3
437;1932;1;21;Fuego;Guatemala;Guatemala;14.473;-90.88;3763;Stratovolcano;4;
438;1932;2;;Merapi;Java;Indonesia;-7.542;110.442;2947;Stratovolcano;;
439;1932;10;1;Kusatsu-Shirane;Honshu-Japan;Japan;36.62;138.55;2176;Stratovolcano;3;2
440;1933;1;8;Kharimkotan;Kuril Is;Russia;49.12;154.508;1145;Stratovolcano;3;
441;1933;5;10;Hakone;Honshu-Japan;Japan;35.22;139.02;1438;Complex volcano;;1
442;1933;12;24;Kuchinoerabu-jima;Ryukyu Is;Japan;30.43;130.22;649;Stratovolcano;4;8
443;1933;12;25;Bulusan;Luzon-Philippines;Philippines;12.77;124.05;1565;Stratovolcano;2;
444;1934;;;Hood;US-Oregon;United States;45.374;-121.694;3426;Stratovolcano;;1
445;1936;2;;Asama;Honshu-Japan;Japan;36.4;138.53;2560;Complex volcano;3;2
446;1937;2;9;Llaima;Chile-C;Chile;-38.692;-71.729;3125;Stratovolcano;2;3
447;1937;5;29;Rabaul;New Britain-SW Pac;Papua New Guinea;-4.271;152.203;688;Pyroclastic shield;4;507
"448;1938;1;28;Nyamuragira;Africa-C;""Congo; DRC"";-1.408;29.2;3058;Shield volcano;1;"
449;1938;5;9;Bandai;Honshu-Japan;Japan;37.6;140.08;1819;Stratovolcano;;2
450;1938;6;5;Mayon;Luzon-Philippines;Philippines;13.257;123.685;2462;Stratovolcano;2;
451;1938;7;16;Asama;Honshu-Japan;Japan;36.4;138.53;2560;Complex volcano;1;
452;1939;7;24;Kick-'em-Jenny;W Indies;Netherlands;12.3;-61.63;-177;Submarine volcano;1;
453;1939;8;17;Tori-shima;Izu Is-Japan;Japan;30.48;140.32;403;Stratovolcano;2;2
454;1939;10;13;Dieng Volc Complex;Java;Indonesia;-7.2;109.92;2565;Complex volcano;1;10
455;1940;6;20;Karangetang [Api Siau];Sangihe Is-Indonesia;Indonesia;2.78;125.48;1784;Stratovolcano;2;1
456;1940;7;12;Miyake-jima;Izu Is-Japan;Japan;34.08;139.53;815;Stratovolcano;2;11
"457;1940;7;24;""Lengai; Ol Doinyo"";Africa-E;Tanzania;-2.751;35.902;2890;Stratovolcano;2;"
458;1941;7;13;Asama;Honshu-Japan;Japan;36.4;138.53;2560;Complex volcano;2;1
459;1941;9;21;Semeru;Java;Indonesia;-8.108;112.92;3676;Stratovolcano;2;
460;1943;2;20;Michoacan-Guanajuato;Mexico;Mexico;19.48;-102.25;3860;Cinder cone;4;3
"461;1943;4;13;""Azul; Cerro"";Galapagos;Ecuador;-.9;-91.42;1690;Shield volcano;3;1"
462;1944;3;27;Vesuvius;Italy;Italy;40.821;14.426;1281;Complex volcano;2;27
463;1944;6;10;Cleveland;Aleutian Is;United States;52.82;-169.95;1730;Stratovolcano;3;1
464;1944;6;23;Usu;Hokkaido-Japan;Japan;42.53;140.83;731;Stratovolcano;2;1
465;1944;8;20;Stromboli;Italy;Italy;38.789;15.213;926;Stratovolcano;2;
466;1944;8;26;Usu;Hokkaido-Japan;Japan;42.53;140.83;731;Stratovolcano;2;1
467;1944;12;4;Dieng Volc Complex;Java;Indonesia;-7.2;109.92;2565;Complex volcano;2;117
468;1946;1;;Sakura-jima;Kyushu-Japan;Japan;31.58;130.67;1117;Stratovolcano;2;1
469;1946;2;;Semeru;Java;Indonesia;-8.108;112.92;3676;Stratovolcano;2;6
470;1946;10;29;Semeru;Java;Indonesia;-8.108;112.92;3676;Stratovolcano;2;
471;1946;11;13;Sarychev Peak;Kuril Is;Russia;48.092;153.2;1496;Stratovolcano;4;
472;1947;1;7;Mayon;Luzon-Philippines;Philippines;13.257;123.685;2462;Stratovolcano;2;
473;1947;7;6;Asama;Honshu-Japan;Japan;36.4;138.53;2560;Complex volcano;2;11
474;1947;9;16;Akagi;Honshu-Japan;Japan;36.53;139.18;1828;Stratovolcano;;699
475;1947;11;2;Hekla;Iceland-S;Iceland;63.98;-19.7;1491;Stratovolcano;4;1
476;1948;4;7;Iliwerung;Lesser Sunda Is;Indonesia;-8.54;123.59;1018;Complex volcano;2;
477;1949;1;1;Villarrica;Chile-C;Chile;-39.42;-71.93;2847;Stratovolcano;3;54
478;1949;5;26;Purace;Colombia;Colombia;2.32;-76.4;4650;Stratovolcano;2;17
479;1949;6;;Camiguin;Mindanao-Philippines;Philippines;9.203;124.673;1332;Stratovolcano;3;2
480;1950;8;28;Semeru;Java;Indonesia;-8.108;112.92;3676;Stratovolcano;1;6
481;1950;9;15;Camiguin;Mindanao-Philippines;Philippines;9.203;124.673;1332;Stratovolcano;3;68
482;1950;9;23;Asama;Honshu-Japan;Japan;36.4;138.53;2560;Complex volcano;2;1
483;1951;1;21;Lamington;New Guinea;Papua New Guinea;-8.95;148.15;1680;Stratovolcano;4;2942
484;1951;8;3;Cosiguina;Nicaragua;Nicaragua;12.98;-87.57;872;Stratovolcano;;
485;1951;8;31;Kelut;Java;Indonesia;-7.93;112.308;1731;Stratovolcano;3;7
486;1951;11;5;Hakone;Honshu-Japan;Japan;35.22;139.02;1438;Complex volcano;;2
487;1951;12;4;Camiguin;Mindanao-Philippines;Philippines;9.203;124.673;1332;Stratovolcano;3;500
488;1951;;;Kavachi;Solomon Is-SW Pacifi;Solomon Is.;-9.02;157.95;-20;Submarine volcano;2;
489;1952;3;27;Hakone;Honshu-Japan;Japan;35.22;139.02;1438;Complex volcano;;1
490;1952;9;16;Myojun Knoll;Izu Is-Japan;Japan;32.1;139.85;360;Submarine volcano;2;
491;1952;9;23;Myojun Knoll;Izu Is-Japan;Japan;32.1;139.85;360;Submarine volcano;2;
492;1952;9;24;Myojun Knoll;Izu Is-Japan;Japan;32.1;139.85;360;Submarine volcano;2;31
493;1952;9;26;Myojun Knoll;Izu Is-Japan;Japan;32.1;139.85;360;Submarine volcano;2;
494;1952;;;Ambalatungan Group;Luzon-Philippines;Philippines;17.32;121.1;2329;Compound volcano;1;12
495;1953;3;11;Myojun Knoll;Izu Is-Japan;Japan;32.1;139.85;360;Submarine volcano;2;
496;1953;3;23;Merapi;Java;Indonesia;-7.542;110.442;2947;Stratovolcano;3;64
497;1953;3;25;Myojun Knoll;Izu Is-Japan;Japan;32.1;139.85;360;Submarine volcano;2;
498;1953;4;27;Aso;Kyushu-Japan;Japan;32.88;131.1;1592;Caldera;2;6
499;1953;6;27;St. Andrew Strait;Admiralty Is-SW Paci;Papua New Guinea;-2.38;147.35;270;Complex volcano;0;
500;1953;6;;Sirung;Lesser Sunda Is;Indonesia;-8.51;124.148;862;Complex volcano;0;5
501;1953;7;26;Hakone;Honshu-Japan;Japan;35.22;139.02;1438;Complex volcano;;10
502;1953;10;5;Oshima;Izu Is-Japan;Japan;34.73;139.38;758;Stratovolcano;1;1
503;1953;12;24;Ruapehu;New Zealand;New Zealand;-39.28;175.57;2797;Stratovolcano;;151
504;1954;2;;Stromboli;Italy;Italy;38.789;15.213;926;Stratovolcano;;
505;1954;7;21;Tate-yama;Honshu-Japan;Japan;36.57;137.6;2621;Stratovolcano;;1
506;1954;8;3;Bam;New Guinea-NE of;Papua New Guinea;-3.6;144.85;685;Stratovolcano;2;
507;1954;;;Camiguin;Mindanao-Philippines;Philippines;9.203;124.673;1332;Stratovolcano;;2
508;1955;7;26;Carran-Los Venados;Chile-C;Chile;-40.35;-72.07;1114;Pyroclastic cone;4;2
509;1955;10;13;Sakura-jima;Kyushu-Japan;Japan;31.58;130.67;1117;Stratovolcano;3;
510;1956;3;30;Bezymianny;Kamchatka;Russia;55.978;160.587;2882;Stratovolcano;5;
511;1957;3;11;Vsevidof;Aleutian Is;United States;53.13;-168.68;2149;Stratovolcano;2;
512;1957;7;;Unzen;Kyushu-Japan;Japan;32.75;130.3;1500;Complex volcano;;13
513;1957;8;;Oshima;Izu Is-Japan;Japan;34.73;139.38;758;Stratovolcano;2;1
514;1957;10;;Aso;Kyushu-Japan;Japan;32.88;131.1;1592;Caldera;2;12
515;1958;7;12;Mahawu;Sulawesi-Indonesia;Indonesia;1.358;124.858;1324;Stratovolcano;2;1
516;1958;7;21;Daisetsu;Hokkaido-Japan;Japan;43.68;142.88;2290;Stratovolcano;;2
517;1958;10;7;Kuwae;Vanuatu-SW Pacific;Vanuatu;-16.829;168.536;-2;Caldera;2;
518;1960;5;25;Puyehue;Chile-C;Chile;-40.59;-72.117;2236;Stratovolcano;3;
519;1961;1;25;Calbuco;Chile-S;Chile;-41.326;-72.614;2003;Stratovolcano;3;
520;1961;4;23;Tate-yama;Honshu-Japan;Japan;36.57;137.6;2621;Stratovolcano;;1
521;1961;5;8;Merapi;Java;Indonesia;-7.542;110.442;2947;Stratovolcano;3;6
522;1961;6;18;Daisetsu;Hokkaido-Japan;Japan;43.68;142.88;2290;Stratovolcano;;2
523;1961;8;18;Asama;Honshu-Japan;Japan;36.4;138.53;2560;Complex volcano;2;1
524;1962;6;29;Tokachi;Hokkaido-Japan;Japan;43.42;142.68;2077;Stratovolcano;3;5
525;1962;10;;Merapi;Java;Indonesia;-7.542;110.442;2947;Stratovolcano;;2
526;1962;12;31;Gamalama;Halmahera-Indonesia;Indonesia;.8;127.325;1715;Stratovolcano;2;5
527;1963;3;17;Irazu;Costa Rica;Costa Rica;9.979;-83.852;3432;Stratovolcano;3;15
528;1963;3;18;Agung;Lesser Sunda Is;Indonesia;-8.342;115.508;3142;Stratovolcano;5;1028
529;1963;5;5;Semeru;Java;Indonesia;-8.108;112.92;3676;Stratovolcano;2;1
530;1963;5;16;Agung;Lesser Sunda Is;Indonesia;-8.342;115.508;3142;Stratovolcano;3;120
531;1963;5;21;Villarrica;Chile-C;Chile;-39.42;-71.93;2847;Stratovolcano;2;
532;1963;9;5;Batur;Lesser Sunda Is;Indonesia;-8.242;115.375;1717;Caldera;2;2
533;1963;9;28;Fuego;Guatemala;Guatemala;14.473;-90.88;3763;Stratovolcano;3;7
534;1963;12;10;Irazu;Costa Rica;Costa Rica;9.979;-83.852;3432;Stratovolcano;3;40
535;1964;1;1;Paluweh;Lesser Sunda Is;Indonesia;-8.32;121.708;875;Stratovolcano;2;1
536;1964;3;3;Villarrica;Chile-C;Chile;-39.42;-71.93;2847;Stratovolcano;2;25
537;1964;12;13;Dieng Volc Complex;Java;Indonesia;-7.2;109.92;2565;Complex volcano;1;114
538;1965;9;28;Taal;Luzon-Philippines;Philippines;14.002;120.993;400;Stratovolcano;4;355
539;1965;10;24;Kick-'em-Jenny;W Indies;Netherlands;12.3;-61.63;-177;Submarine volcano;0;
540;1966;1;13;Tinakula;Santa Cruz Is-SW Pac;Solomon Is.;-10.38;165.8;851;Stratovolcano;3;
541;1966;4;26;Kelut;Java;Indonesia;-7.93;112.308;1731;Stratovolcano;4;215
542;1966;8;12;Awu;Sangihe Is-Indonesia;Indonesia;3.67;125.5;1320;Stratovolcano;4;39
"543;1966;8;14;""Lengai; Ol Doinyo"";Africa-E;Tanzania;-2.751;35.902;2890;Stratovolcano;4;"
"544;1967;7;8;""Lengai; Ol Doinyo"";Africa-E;Tanzania;-2.751;35.902;2890;Stratovolcano;3;"
545;1967;8;31;Semeru;Java;Indonesia;-8.108;112.92;3676;Stratovolcano;3;3
546;1967;12;4;Deception Island;Antarctica;Antarctica;-62.97;-60.65;576;Caldera;3;
547;1968;4;21;Mayon;Luzon-Philippines;Philippines;13.257;123.685;2462;Stratovolcano;3;6
548;1968;7;29;Arenal;Costa Rica;Costa Rica;10.463;-84.703;1657;Stratovolcano;3;80
549;1969;1;7;Merapi;Java;Indonesia;-7.542;110.442;2947;Stratovolcano;2;3
550;1969;1;28;Iya;Lesser Sunda Is;Indonesia;-8.88;121.63;637;Stratovolcano;3;2
551;1969;3;21;Didicas;Luzon-N of;Philippines;19.077;122.202;244;Compound volcano;2;
552;1969;8;26;Narugo;Honshu-Japan;Japan;38.73;140.73;462;Caldera;;1
553;1970;3;2;Campi Flegrei;Italy;Italy;40.827;14.139;458;Caldera;;3
554;1970;5;5;Hekla;Iceland-S;Iceland;63.98;-19.7;1491;Stratovolcano;3;
"555;1971;8;12;""Hudson; Cerro"";Chile-S;Chile;-45.9;-72.97;1905;Stratovolcano;3;5"
556;1971;9;6;Tinakula;Santa Cruz Is-SW Pac;Solomon Is.;-10.38;165.8;851;Stratovolcano;2;
557;1971;9;14;Fuego;Guatemala;Guatemala;14.473;-90.88;3763;Stratovolcano;3;10
558;1971;10;26;La Palma;Canary Is;Spain;28.58;-17.83;2426;Stratovolcano;2;
559;1971;10;29;Villarrica;Chile-C;Chile;-39.42;-71.93;2847;Stratovolcano;2;15
560;1971;12;27;Kusatsu-Shirane;Honshu-Japan;Japan;36.62;138.55;2176;Stratovolcano;;6
"561;1972;6;9;""Fournaise; Piton de la"";Indian O-W;Reunion;-21.229;55.713;2631;Shield volcano;2;3"
562;1972;10;2;Hakone;Honshu-Japan;Japan;35.22;139.02;1438;Complex volcano;;2
563;1972;10;9;Ritter Island;New Guinea-NE of;Papua New Guinea;-5.52;148.121;140;Stratovolcano;1;
564;1973;1;27;Vestmannaeyjar;Iceland-S;Iceland;63.43;-20.28;279;Submarine volcano;3;1
565;1973;1;;Paluweh;Lesser Sunda Is;Indonesia;-8.32;121.708;875;Stratovolcano;3;
"566;1973;4;5;""Hudson; Cerro"";Chile-S;Chile;-45.9;-72.97;1905;Stratovolcano;;2"
567;1973;12;5;Iliwerung;Lesser Sunda Is;Indonesia;-8.54;123.59;1018;Complex volcano;2;2
568;1974;2;11;Karangetang [Api Siau];Sangihe Is-Indonesia;Indonesia;2.78;125.48;1784;Stratovolcano;3;4
569;1974;6;17;Sakura-jima;Kyushu-Japan;Japan;31.58;130.67;1117;Stratovolcano;3;3
570;1974;7;28;Niigata-Yake-yama;Honshu-Japan;Japan;36.92;138.03;2400;Lava dome;2;3
571;1974;8;9;Sakura-jima;Kyushu-Japan;Japan;31.58;130.67;1117;Stratovolcano;3;5
572;1974;10;10;Fuego;Guatemala;Guatemala;14.473;-90.88;3763;Stratovolcano;4;
573;1974;10;17;Ritter Island;New Guinea-NE of;Papua New Guinea;-5.52;148.121;140;Stratovolcano;1;
574;1974;10;22;Merapi;Java;Indonesia;-7.542;110.442;2947;Stratovolcano;2;9
575;1975;1;;Marapi;Sumatra;Indonesia;-.381;100.473;2891;Complex volcano;2;80
576;1975;6;17;Arenal;Costa Rica;Costa Rica;10.463;-84.703;1657;Stratovolcano;3;2
577;1975;11;29;Kilauea;Hawaiian Is;United States;19.425;-155.292;1222;Shield volcano;0;
578;1976;8;3;Kusatsu-Shirane;Honshu-Japan;Japan;36.62;138.55;2176;Stratovolcano;;3
579;1976;8;12;Sangay;Ecuador;Ecuador;-2.03;-78.33;5230;Stratovolcano;3;2
580;1976;8;31;Semeru;Java;Indonesia;-8.108;112.92;3676;Stratovolcano;2;119
581;1976;9;15;Karangetang [Api Siau];Sangihe Is-Indonesia;Indonesia;2.78;125.48;1784;Stratovolcano;2;1
582;1976;11;25;Merapi;Java;Indonesia;-7.542;110.442;2947;Stratovolcano;2;29
"583;1977;1;10;Nyiragongo;Africa-C;""Congo; DRC"";-1.52;29.25;3470;Stratovolcano;1;"
584;1977;4;5;Karthala;Indian O-W;Comoros;-11.75;43.38;2361;Shield volcano;0;
585;1977;4;27;Krafla;Iceland-NE;Iceland;65.73;-16.78;650;Caldera;1;
586;1977;8;2;Kliuchevskoi;Kamchatka;Russia;56.057;160.638;4835;Stratovolcano;3;1
587;1977;8;7;Usu;Hokkaido-Japan;Japan;42.53;140.83;731;Stratovolcano;3;3
588;1978;1;13;Usu;Hokkaido-Japan;Japan;42.53;140.83;731;Stratovolcano;3;3
589;1978;7;29;Bulusan;Luzon-Philippines;Philippines;12.77;124.05;1565;Stratovolcano;2;
590;1978;9;2;Santa Maria;Guatemala;Guatemala;14.756;-91.552;3772;Stratovolcano;3;1
591;1978;9;19;Semeru;Java;Indonesia;-8.108;112.92;3676;Stratovolcano;3;12
592;1978;;;Tangkubanparahu;Java;Indonesia;-6.77;107.6;2084;Stratovolcano;;3
593;1979;2;20;Dieng Volc Complex;Java;Indonesia;-7.2;109.92;2565;Complex volcano;1;149
594;1979;3;8;Karkar;New Guinea-NE of;Papua New Guinea;-4.649;145.964;1839;Stratovolcano;2;2
595;1979;4;13;Soufriere St. Vincent;W Indies;St. Vincent & the Grenadines;13.33;-61.18;1220;Stratovolcano;3;2
596;1979;7;5;Etna;Italy;Italy;37.734;15.004;3350;Stratovolcano;2;9
597;1979;7;18;Iliwerung;Lesser Sunda Is;Indonesia;-8.54;123.59;1018;Complex volcano;;
598;1979;9;6;Aso;Kyushu-Japan;Japan;32.88;131.1;1592;Caldera;2;3
599;1980;5;18;St. Helens;US-Washington;United States;46.2;-122.18;2549;Stratovolcano;5;57
600;1980;8;17;Hekla;Iceland-S;Iceland;63.98;-19.7;1491;Stratovolcano;3;
601;1980;12;25;Hood;US-Oregon;United States;45.374;-121.694;3426;Stratovolcano;;1
602;1981;3;17;Etna;Italy;Italy;37.734;15.004;3350;Stratovolcano;2;
603;1981;3;29;Semeru;Java;Indonesia;-8.108;112.92;3676;Stratovolcano;3;1
604;1981;4;27;Alaid;Kuril Is;Russia;50.858;155.55;2339;Stratovolcano;2;
605;1981;5;14;Semeru;Java;Indonesia;-8.108;112.92;3676;Stratovolcano;3;372
606;1981;6;30;Mayon;Luzon-Philippines;Philippines;13.257;123.685;2462;Stratovolcano;;200
607;1981;9;5;Paluweh;Lesser Sunda Is;Indonesia;-8.32;121.708;875;Stratovolcano;2;
608;1981;;;Vilyuchik;Kamchatka;Russia;52.68;158.3;2173;Stratovolcano;;
"609;1982;3;29;""Chichon; El"";Mexico;Mexico;17.36;-93.228;1150;Tuff cone;5;1879"
"610;1982;4;4;""Chichon; El"";Mexico;Mexico;17.36;-93.228;1150;Tuff cone;5;33"
611;1982;5;17;Galunggung;Java;Indonesia;-7.25;108.05;2168;Stratovolcano;4;68
"612;1982;5;27;""Chichon; El"";Mexico;Mexico;17.36;-93.228;1150;Tuff cone;5;1"
613;1983;3;8;Kliuchevskoi;Kamchatka;Russia;56.057;160.638;4835;Stratovolcano;2;1
614;1983;7;23;Colo [Una Una];Sulawesi-Indonesia;Indonesia;-.17;121.608;507;Stratovolcano;4;
615;1983;8;17;Iliwerung;Lesser Sunda Is;Indonesia;-8.54;123.59;1018;Complex volcano;1;
616;1983;10;3;Miyake-jima;Izu Is-Japan;Japan;34.08;139.53;815;Stratovolcano;3;
617;1984;8;15;Oku Volc Field;Africa-W;Cameroon;6.25;10.5;3011;Maar;;37
618;1984;9;9;Mayon;Luzon-Philippines;Philippines;13.257;123.685;2462;Stratovolcano;3;1
619;1984;9;14;On-take;Honshu-Japan;Japan;35.9;137.48;3063;Complex volcano;;29
620;1984;10;16;Etna;Italy;Italy;37.734;15.004;3350;Stratovolcano;3;1
621;1985;5;10;Semeru;Java;Indonesia;-8.108;112.92;3676;Stratovolcano;3;70
622;1985;11;13;Ruiz;Colombia;Colombia;4.895;-75.322;5321;Stratovolcano;3;23080
623;1985;12;19;Etna;Italy;Italy;37.734;15.004;3350;Stratovolcano;1;1
624;1986;5;8;Akita-Yake-yama;Honshu-Japan;Japan;39.97;140.77;1366;Complex volcano;;1
625;1986;7;24;Stromboli;Italy;Italy;38.789;15.213;926;Stratovolcano;2;1
626;1986;8;21;Oku Volc Field;Africa-W;Cameroon;6.25;10.5;3011;Maar;3;1700
627;1986;10;15;Merapi;Java;Indonesia;-7.542;110.442;2947;Stratovolcano;2;1
628;1986;11;15;Oshima;Izu Is-Japan;Japan;34.73;139.38;758;Stratovolcano;3;1
629;1987;1;25;Pacaya;Guatemala;Guatemala;14.381;-90.601;2552;Complex volcano;3;
630;1987;4;17;Etna;Italy;Italy;37.734;15.004;3350;Stratovolcano;2;2
631;1987;12;1;Sirung;Lesser Sunda Is;Indonesia;-8.51;124.148;862;Complex volcano;;
632;1988;5;9;Banda Api;Banda Sea;Pacific Ocean;-4.525;129.871;640;Caldera;3;4
633;1988;7;6;Arenal;Costa Rica;Costa Rica;10.463;-84.703;1657;Stratovolcano;3;1
634;1988;7;30;Semeru;Java;Indonesia;-8.108;112.92;3676;Stratovolcano;3;1
635;1988;12;25;Lonquimay;Chile-C;Chile;-38.377;-71.58;2865;Stratovolcano;3;1
636;1988;;;Akita-Yake-yama;Honshu-Japan;Japan;39.97;140.77;1366;Complex volcano;;3
637;1989;2;12;Aso;Kyushu-Japan;Japan;32.88;131.1;1592;Caldera;;1
638;1989;8;26;Kirishima;Kyushu-Japan;Japan;31.93;130.87;1700;Shield volcano;;2
639;1990;2;2;Shiveluch;Kamchatka;Russia;56.653;161.36;3283;Stratovolcano;3;
640;1990;2;10;Kelut;Java;Indonesia;-7.93;112.308;1731;Stratovolcano;4;32
641;1990;3;26;Aso;Kyushu-Japan;Japan;32.88;131.1;1592;Caldera;2;1
642;1990;4;18;Aso;Kyushu-Japan;Japan;32.88;131.1;1592;Caldera;2;1
643;1990;5;29;Sabancaya;Peru;Peru;-15.78;-71.85;5967;Stratovolcano;3;
644;1990;6;24;Rabaul;New Britain-SW Pac;Papua New Guinea;-4.271;152.203;688;Pyroclastic shield;;6
645;1990;7;19;Santa Maria;Guatemala;Guatemala;14.756;-91.552;3772;Stratovolcano;3;4
646;1990;10;19;Aso;Kyushu-Japan;Japan;32.88;131.1;1592;Caldera;2;1
"647;1990;11;21;Nyiragongo;Africa-C;""Congo; DRC"";-1.52;29.25;3470;Stratovolcano;;1"
648;1990;11;25;Kelut;Java;Indonesia;-7.93;112.308;1731;Stratovolcano;;4
649;1991;6;3;Unzen;Kyushu-Japan;Japan;32.75;130.3;1500;Complex volcano;1;43
650;1991;6;15;Pinatubo;Luzon-Philippines;Philippines;15.13;120.35;1486;Stratovolcano;6;350
651;1991;6;;Mutnovsky;Kamchatka;Russia;52.453;158.195;2322;Complex volcano;;1
652;1991;7;3;Karthala;Indian O-W;Comoros;-11.75;43.38;2361;Shield volcano;2;
"653;1991;8;8;""Hudson; Cerro"";Chile-S;Chile;-45.9;-72.97;1905;Stratovolcano;5;"
654;1991;10;24;Lokon-Empung;Sulawesi-Indonesia;Indonesia;1.358;124.792;1580;Stratovolcano;1;1
655;1991;12;14;Etna;Italy;Italy;37.734;15.004;3350;Stratovolcano;2;
656;1992;1;21;Karangetang [Api Siau];Sangihe Is-Indonesia;Indonesia;2.78;125.48;1784;Stratovolcano;2;2
657;1992;3;18;Dieng Volc Complex;Java;Indonesia;-7.2;109.92;2565;Complex volcano;;1
"658;1992;4;10;""Negro; Cerro"";Nicaragua;Nicaragua;12.506;-86.702;728;Cinder cone;3;11"
659;1992;5;11;Karangetang [Api Siau];Sangihe Is-Indonesia;Indonesia;2.78;125.48;1784;Stratovolcano;1;6
660;1992;7;5;Marapi;Sumatra;Indonesia;-.381;100.473;2891;Complex volcano;2;1
661;1992;7;12;Pinatubo;Luzon-Philippines;Philippines;15.13;120.35;1486;Stratovolcano;1;6
662;1992;9;17;Spurr;Alaska-SW;United States;61.3;-152.25;3374;Stratovolcano;4;1
663;1992;;;Semeru;Java;Indonesia;-8.108;112.92;3676;Stratovolcano;3;3
664;1993;1;14;Galeras;Colombia;Colombia;1.22;-77.37;4276;Complex volcano;2;9
665;1993;1;21;Wurlali;Banda Sea;Indonesia;-7.125;128.675;868;Stratovolcano;;1
666;1993;2;2;Mayon;Luzon-Philippines;Philippines;13.257;123.685;2462;Stratovolcano;2;75
667;1993;3;12;Guagua Pichincha;Ecuador;Ecuador;-.171;-78.598;4784;Stratovolcano;1;2
668;1993;4;19;Kilauea;Hawaiian Is;United States;19.425;-155.292;1222;Shield volcano;;1
669;1993;6;13;Krakatau;Indonesia;Indonesia;-6.102;105.423;813;Caldera;1;1
670;1993;6;23;Unzen;Kyushu-Japan;Japan;32.75;130.3;1500;Complex volcano;1;1
671;1993;6;26;Pinatubo;Luzon-Philippines;Philippines;15.13;120.35;1486;Stratovolcano;1;4
672;1993;10;4;Pinatubo;Luzon-Philippines;Philippines;15.13;120.35;1486;Stratovolcano;;14
673;1994;1;15;Yasur;Vanuatu-SW Pacific;Vanuatu;-19.52;169.425;361;Stratovolcano;3;1
674;1994;2;3;Semeru;Java;Indonesia;-8.108;112.92;3676;Stratovolcano;3;6
675;1994;5;29;Aso;Kyushu-Japan;Japan;32.88;131.1;1592;Caldera;1;1
676;1994;6;6;Huila;Colombia;Colombia;2.92;-76.05;5365;Stratovolcano;;
677;1994;9;19;Rabaul;New Britain-SW Pac;Papua New Guinea;-4.271;152.203;688;Pyroclastic shield;3;4
678;1994;11;3;Rinjani;Lesser Sunda Is;Indonesia;-8.42;116.47;3726;Stratovolcano;3;31
679;1994;11;22;Merapi;Java;Indonesia;-7.542;110.442;2947;Stratovolcano;3;60
680;1995;2;4;Yasur;Vanuatu-SW Pacific;Vanuatu;-19.52;169.425;361;Stratovolcano;3;2
681;1995;2;11;Yake-dake;Honshu-Japan;Japan;36.22;137.58;2455;Stratovolcano;1;4
682;1995;4;2;Fogo;Cape Verde Is;Cape Verde;14.95;-24.35;2829;Stratovolcano;2;
683;1995;4;7;Pacaya;Guatemala;Guatemala;14.381;-90.601;2552;Complex volcano;3;1
684;1995;5;15;Kelimutu;Lesser Sunda Is;Indonesia;-8.758;121.83;1640;Complex volcano;;1
685;1995;9;6;Parker;Mindanao-Philippines;Philippines;6.12;124.892;1824;Stratovolcano;;60
686;1996;1;2;Karymsky;Kamchatka;Russia;54.05;159.43;1536;Stratovolcano;2;
687;1996;4;30;Popocatepetl;Mexico;Mexico;19.023;-98.622;5426;Stratovolcano;3;5
688;1996;8;10;Kanlaon;Philippines-C;Philippines;10.412;123.132;2435;Stratovolcano;2;3
689;1996;9;27;Maderas;Nicaragua;Nicaragua;11.446;-85.515;1394;Stratovolcano;;6
690;1996;9;30;Grimsvotn;Iceland-NE;Iceland;64.42;-17.33;1725;Caldera;3;
691;1996;12;3;Manam;New Guinea-NE of;Papua New Guinea;-4.1;145.061;1807;Stratovolcano;3;13
692;1997;1;14;Merapi;Java;Indonesia;-7.542;110.442;2947;Stratovolcano;2;6
693;1997;4;17;Karangetang [Api Siau];Sangihe Is-Indonesia;Indonesia;2.78;125.48;1784;Stratovolcano;1;3
694;1997;6;25;Soufriere Hills;W Indies;Montserrat;16.72;-62.18;915;Stratovolcano;3;22
695;1997;7;12;Hakkoda Group;Honshu-Japan;Japan;40.65;140.88;1585;Stratovolcano;;3
696;1997;8;1;Soufriere Hills;W Indies;Montserrat;16.72;-62.18;915;Stratovolcano;3;2
697;1997;9;2;Semeru;Java;Indonesia;-8.108;112.92;3676;Stratovolcano;3;2
698;1997;9;15;Adatara;Honshu-Japan;Japan;37.62;140.28;1718;Stratovolcano;;4
699;1997;11;23;Aso;Kyushu-Japan;Japan;32.88;131.1;1592;Caldera;;2
700;1997;12;26;Soufriere Hills;W Indies;Montserrat;16.72;-62.18;915;Stratovolcano;;
701;1998;4;28;Kilauea;Hawaiian Is;United States;19.425;-155.292;1222;Shield volcano;;1
702;1998;7;;Kelut;Java;Indonesia;-7.93;112.308;1731;Stratovolcano;;10
703;1998;10;30;San Cristobal;Nicaragua;Nicaragua;12.702;-87.004;1745;Stratovolcano;;1620
704;1999;1;20;Soufriere Hills;W Indies;Montserrat;16.72;-62.18;915;Stratovolcano;3;
705;1999;5;21;Fuego;Guatemala;Guatemala;14.473;-90.88;3763;Stratovolcano;2;
706;1999;8;15;Shiveluch;Kamchatka;Russia;56.653;161.36;3283;Stratovolcano;4;
707;1999;10;5;Guagua Pichincha;Ecuador;Ecuador;-.171;-78.598;4784;Stratovolcano;3;2
708;1999;10;16;Tungurahua;Ecuador;Ecuador;-1.467;-78.442;5023;Stratovolcano;3;1
709;2000;6;27;Miyake-jima;Izu Is-Japan;Japan;34.08;139.53;815;Stratovolcano;2;
710;2000;7;27;Semeru;Java;Indonesia;-8.108;112.92;3676;Stratovolcano;3;2
711;2000;8;23;Arenal;Costa Rica;Costa Rica;10.463;-84.703;1657;Stratovolcano;3;2
712;2000;11;3;Kilauea;Hawaiian Is;United States;19.425;-155.292;1222;Shield volcano;;2
713;2000;11;;Merapi;Java;Indonesia;-7.542;110.442;2947;Stratovolcano;2;1
714;2001;5;14;Etna;Italy;Italy;37.734;15.004;3350;Stratovolcano;3;1
715;2001;7;26;Etna;Italy;Italy;37.734;15.004;3350;Stratovolcano;2;
716;2001;8;5;Merapi;Java;Indonesia;-7.542;110.442;2947;Stratovolcano;2;2
717;2001;10;20;Stromboli;Italy;Italy;38.789;15.213;926;Stratovolcano;2;1
718;2002;1;3;Karangetang [Api Siau];Sangihe Is-Indonesia;Indonesia;2.78;125.48;1784;Stratovolcano;3;
"719;2002;1;17;Nyiragongo;Africa-C;""Congo; DRC"";-1.52;29.25;3470;Stratovolcano;1;100"
720;2002;8;28;Etna;Italy;Italy;37.734;15.004;3350;Stratovolcano;3;
721;2002;11;3;Reventador;Ecuador;Ecuador;-.078;-77.656;3562;Stratovolcano;4;
722;2002;12;30;Stromboli;Italy;Italy;38.789;15.213;926;Stratovolcano;;
723;2002;;;Semeru;Java;Indonesia;-8.108;112.92;3676;Stratovolcano;3;3
724;2003;7;12;Soufriere Hills;W Indies;Montserrat;16.72;-62.18;915;Stratovolcano;3;
725;2004;1;29;Egon;Lesser Sunda Is;Indonesia;-8.67;122.45;1703;Stratovolcano;1;1
726;2004;6;8;Tengger Caldera;Java;Indonesia;-7.942;112.95;2329;Stratovolcano;2;2
727;2004;10;24;Manam;New Guinea-NE of;Papua New Guinea;-4.1;145.061;1807;Stratovolcano;4;5
728;2005;1;27;Manam;New Guinea-NE of;Papua New Guinea;-4.1;145.061;1807;Stratovolcano;4;1
729;2005;10;1;Santa Ana;El Salvador;El Salvador;13.853;-89.63;2365;Stratovolcano;3;2
730;2005;11;24;Karthala;Indian O-W;Comoros;-11.75;43.38;2361;Shield volcano;;
731;2006;3;17;Raoul Island;Kermadec Is;New Zealand;-29.27;-177.92;516;Stratovolcano;;1
732;2006;5;20;Soufriere Hills;W Indies;Montserrat;16.72;-62.18;915;Stratovolcano;2;
733;2006;6;7;Bulusan;Luzon-Philippines;Philippines;12.77;124.05;1565;Stratovolcano;2;1
734;2006;6;14;Merapi;Java;Indonesia;-7.542;110.442;2947;Stratovolcano;1;2
735;2006;7;18;Tungurahua;Ecuador;Ecuador;-1.467;-78.442;5023;Stratovolcano;3;1
736;2006;8;17;Tungurahua;Ecuador;Ecuador;-1.467;-78.442;5023;Stratovolcano;3;5
737;2006;11;30;Mayon;Luzon-Philippines;Philippines;13.257;123.685;2462;Stratovolcano;1;1266
738;2007;3;;Manam;New Guinea-NE of;Papua New Guinea;-4.1;145.061;1807;Stratovolcano;4;4
739;2007;4;18;Huila;Colombia;Colombia;2.92;-76.05;5365;Stratovolcano;;
740;2007;7;7;Salak;Java;Indonesia;-6.72;106.73;2211;Stratovolcano;;6
"741;2007;9;30;""Tair; Jebel at"";Red Sea;Yemen;15.7;41.742;244;Stratovolcano;;7"
742;2008;5;2;Chaiten;Chile-S;Chile;-42.833;-72.646;962;Caldera;;1
743;2008;8;8;Kasatochi;Aleutian Is;United States;52.18;-175.5;314;Stratovolcano;3;
744;2008;8;22;Tungurahua;Ecuador;Ecuador;-1.467;-78.442;5023;Stratovolcano;3;2
745;2008;11;20;Huila;Colombia;Colombia;2.92;-76.05;5365;Stratovolcano;;10
746;2009;3;23;Redoubt;Alaska-SW;United States;60.48;-152.75;3108;Stratovolcano;;
747;2009;11;30;Kilauea;Hawaiian Is;United States;19.425;-155.292;1222;Shield volcano;;
748;2010;1;;Tungurahua;Ecuador;Ecuador;-1.467;-78.442;5023;Stratovolcano;3;
749;2010;3;31;Eyjafjallajokull;Iceland-S;Iceland;63.63;-19.62;1666;Stratovolcano;2;2
750;2010;5;27;Pacaya;Guatemala;Guatemala;14.381;-90.601;2552;Complex volcano;1;1
751;2010;5;29;Sarigan;Mariana Is-C Pacific;United States;16.708;145.78;538;Stratovolcano;;
752;2010;8;6;Karangetang [Api Siau];Sangihe Is-Indonesia;Indonesia;2.78;125.48;1784;Stratovolcano;3;4
753;2010;8;30;Sinabung;Sumatra;Indonesia;3.17;98.392;2460;Stratovolcano;;2
754;2010;10;26;Merapi;Java;Indonesia;-7.542;110.442;2947;Stratovolcano;;367
755;2010;11;;Tungurahua;Ecuador;Ecuador;-1.467;-78.442;5023;Stratovolcano;3;
756;2010;12;28;Tengger Caldera;Java;Indonesia;-7.942;112.95;2329;Stratovolcano;;
757;2011;1;3;Merapi;Java;Indonesia;-7.542;110.442;2947;Stratovolcano;;1
758;2011;1;28;Kirishima;Kyushu-Japan;Japan;31.93;130.87;1700;Shield volcano;;
759;2011;2;23;Bulusan;Luzon-Philippines;Philippines;12.77;124.05;1565;Stratovolcano;2;1
760;2011;3;18;Karangetang [Api Siau];Sangihe Is-Indonesia;Indonesia;2.78;125.48;1784;Stratovolcano;;
761;2011;4;;Tungurahua;Ecuador;Ecuador;-1.467;-78.442;5023;Stratovolcano;4;
762;2011;6;4;Puyehue;Chile-C;Chile;-40.59;-72.117;2236;Stratovolcano;4;
763;2011;6;22;Nabro;Africa-NE;Eritrea;13.37;41.7;2218;Stratovolcano;3;31
764;2011;7;9;Katla;Iceland-S;Iceland;63.63;-19.05;1512;Subglacial volcano;;
765;2011;7;17;Lokon-Empung;Sulawesi-Indonesia;Indonesia;1.358;124.792;1580;Stratovolcano;;1
766;2011;12;27;Gamalama;Halmahera-Indonesia;Indonesia;.8;127.325;1715;Stratovolcano;3;4
767;2012;2;10;Kilauea;Hawaiian Is;United States;19.425;-155.292;1222;Shield volcano;;
768;2012;3;2;Kilauea;Hawaiian Is;United States;19.425;-155.292;1222;Shield volcano;;
769;2012;12;12;Tolbachik;Kamchatka;Russia;55.83;160.33;3682;Shield volcano;;
770;2013;2;12;Merapi;Java;Indonesia;-7.542;110.442;2947;Stratovolcano;;1
771;2013;2;;Paluweh;Lesser Sunda Is;Indonesia;-8.32;121.708;875;Stratovolcano;;
772;2013;5;7;Mayon;Luzon-Philippines;Philippines;13.257;123.685;2462;Stratovolcano;;5
773;2013;8;10;Paluweh;Lesser Sunda Is;Indonesia;-8.32;121.708;875;Stratovolcano;3;5
774;2013;9;1;Ubinas;Peru;Peru;-16.355;-70.903;5672;Stratovolcano;;
775;2013;9;4;Sakura-jima;Kyushu-Japan;Japan;31.58;130.67;1117;Stratovolcano;;
776;2013;9;15;Sinabung;Sumatra;Indonesia;3.17;98.392;2460;Stratovolcano;2;
777;2013;12;13;Okataina;New Zealand;New Zealand;-38.12;176.5;1111;Lava dome;;1
778;2014;2;1;Sinabung;Sumatra;Indonesia;3.17;98.392;2460;Stratovolcano;;17
779;2014;2;13;Kelut;Java;Indonesia;-7.93;112.308;1731;Stratovolcano;;7
780;2014;9;27;On-take;Honshu-Japan;Japan;35.9;137.48;3063;Complex volcano;3;55
781;2014;11;10;Kilauea;Hawaiian Is;United States;19.425;-155.292;1222;Shield volcano;;
782;2014;11;23;Fogo;Cape Verde Is;Cape Verde;14.95;-24.35;2829;Stratovolcano;;
783;2014;12;18;Gamalama;Halmahera-Indonesia;Indonesia;.8;127.325;1715;Stratovolcano;;1
784;2015;2;20;Sinabung;Sumatra;Indonesia;3.17;98.392;2460;Stratovolcano;;
785;2015;4;22;Calbuco;Chile-S;Chile;-41.326;-72.614;2003;Stratovolcano;;
786;2015;5;7;Karangetang [Api Siau];Sangihe Is-Indonesia;Indonesia;2.78;125.48;1784;Stratovolcano;;
787;2015;7;31;Manam;New Guinea-NE of;Papua New Guinea;-4.1;145.061;1807;Stratovolcano;2;
788;2015;10;16;Sinabung;Sumatra;Indonesia;3.17;98.392;2460;Stratovolcano;;1
789;2015;10;;Okataina;New Zealand;New Zealand;-38.12;176.5;1111;Lava dome;;1
790;2016;5;9;Sinabung;Sumatra;Indonesia;3.17;98.392;2460;Stratovolcano;;1
791;2016;5;21;Sinabung;Sumatra;Indonesia;3.17;98.392;2460;Stratovolcano;;7
792;2016;6;9;Yellowstone;US-Wyoming;United States;44.43;-110.67;2805;Caldera;;1
793;2016;9;27;Rinjani;Lesser Sunda Is;Indonesia;-8.42;116.47;3726;Stratovolcano;;
794;2016;10;8;Aso;Kyushu-Japan;Japan;32.88;131.1;1592;Caldera;;
795;2017;3;15;Etna;Italy;Italy;37.734;15.004;3350;Stratovolcano;;
796;2017;4;13;Sinabung;Sumatra;Indonesia;3.17;98.392;2460;Stratovolcano;2;
797;2017;6;6;Fuego;Guatemala;Guatemala;14.473;-90.88;3763;Stratovolcano;2;
798;2017;7;1;Dieng Volc Complex;Java;Indonesia;-7.2;109.92;2565;Complex volcano;;8
799;2017;9;12;Campi Flegrei;Italy;Italy;40.827;14.139;458;Caldera;;3
800;2017;9;23;Aoba;Vanuatu-SW Pacific;Vanuatu;-15.4;167.83;1496;Shield volcano;;
801;2017;12;18;Merapi;Java;Indonesia;-7.542;110.442;2947;Stratovolcano;;8
802;2017;12;27;Sinabung;Sumatra;Indonesia;3.17;98.392;2460;Stratovolcano;;
803;2018;1;5;Kadovar;New Guinea-NE of;Papua New Guinea;-3.62;144.62;365;Stratovolcano;;
804;2018;1;13;Mayon;Luzon-Philippines;Philippines;13.257;123.685;2462;Stratovolcano;;
805;2018;1;23;Kusatsu-Shirane;Honshu-Japan;Japan;36.62;138.55;2176;Stratovolcano;;1
806;2018;2;1;Kilauea;Hawaiian Is;United States;19.425;-155.292;1222;Shield volcano;1;1
807;2018;2;9;Kadovar;New Guinea-NE of;Papua New Guinea;-3.62;144.62;365;Stratovolcano;;
808;2018;3;21;Ijen;Java;Indonesia;-8.058;114.242;2799;Stratovolcano;;
809;2018;3;30;Aoba;Vanuatu-SW Pacific;Vanuatu;-15.4;167.83;1496;Shield volcano;3;4
810;2018;4;28;Kilauea;Hawaiian Is;United States;19.425;-155.292;1222;Shield volcano;1;
811;2018;6;3;Fuego;Guatemala;Guatemala;14.473;-90.88;3763;Stratovolcano;2;165
812;2018;7;16;Kilauea;Hawaiian Is;United States;19.425;-155.292;1222;Shield volcano;;
813;2018;8;25;Manam;New Guinea-NE of;Papua New Guinea;-4.1;145.061;1807;Stratovolcano;4;
814;2018;12;15;Ambrym;Vanuatu-SW Pacific;Vanuatu;-16.25;168.12;1334;Pyroclastic shield;2;
815;2018;12;22;Krakatau;Indonesia;Indonesia;-6.102;105.423;813;Caldera;1;
816;2018;12;26;Etna;Italy;Italy;37.734;15.004;3350;Stratovolcano;2;
817;2019;1;7;Manam;New Guinea-NE of;Papua New Guinea;-4.1;145.061;1807;Stratovolcano;4;
818;2019;5;7;Sinabung;Sumatra;Indonesia;3.17;98.392;2460;Stratovolcano;;
819;2019;6;26;Ulawun;New Britain-SW Pac;Papua New Guinea;-5.05;151.33;2334;Stratovolcano;;
820;2019;6;28;Manam;New Guinea-NE of;Papua New Guinea;-4.1;145.061;1807;Stratovolcano;4;
821;2019;7;3;Stromboli;Italy;Italy;38.789;15.213;926;Stratovolcano;2;1
822;2019;8;28;Stromboli;Italy;Italy;38.789;15.213;926;Stratovolcano;2;
